{
  "status": true,
  "data":[{
    "href": "https://vue.ant.design/",
    "title": "ant design vue part",
    "avatar": "https://zos.alipayobjects.com/rmsportal/ODTLcjxAfvqbxHnVXCYX.png",
    "description":"Ant Design, a design language for background applications, is refined by Ant UED Team.",
    "content": "'We supply a series of design principles, practical patterns and high quality design resources (Sketch and Axure), to help people create their product prototypes beautifully and efficiently."
  },{
    "href": "https://vue.ant.design/",
    "title": "ant design vue part",
    "avatar": "https://zos.alipayobjects.com/rmsportal/ODTLcjxAfvqbxHnVXCYX.png",
    "description":"Ant Design, a design language for background applications, is refined by Ant UED Team.",
    "content": "'We supply a series of design principles, practical patterns and high quality design resources (Sketch and Axure), to help people create their product prototypes beautifully and efficiently."
  },{
    "href": "https://vue.ant.design/",
    "title": "ant design vue part",
    "avatar": "https://zos.alipayobjects.com/rmsportal/ODTLcjxAfvqbxHnVXCYX.png",
    "description":"Ant Design, a design language for background applications, is refined by Ant UED Team.",
    "content": "'We supply a series of design principles, practical patterns and high quality design resources (Sketch and Axure), to help people create their product prototypes beautifully and efficiently."
  },{
    "href": "https://vue.ant.design/",
    "title": "ant design vue part",
    "avatar": "https://zos.alipayobjects.com/rmsportal/ODTLcjxAfvqbxHnVXCYX.png",
    "description":"Ant Design, a design language for background applications, is refined by Ant UED Team.",
    "content": "'We supply a series of design principles, practical patterns and high quality design resources (Sketch and Axure), to help people create their product prototypes beautifully and efficiently."
  },{
    "href": "https://vue.ant.design/",
    "title": "ant design vue part",
    "avatar": "https://zos.alipayobjects.com/rmsportal/ODTLcjxAfvqbxHnVXCYX.png",
    "description":"Ant Design, a design language for background applications, is refined by Ant UED Team.",
    "content": "'We supply a series of design principles, practical patterns and high quality design resources (Sketch and Axure), to help people create their product prototypes beautifully and efficiently."
  },{
    "href": "https://vue.ant.design/",
    "title": "ant design vue part",
    "avatar": "https://zos.alipayobjects.com/rmsportal/ODTLcjxAfvqbxHnVXCYX.png",
    "description":"Ant Design, a design language for background applications, is refined by Ant UED Team.",
    "content": "'We supply a series of design principles, practical patterns and high quality design resources (Sketch and Axure), to help people create their product prototypes beautifully and efficiently."
  }],
  "msg": "",
  "code":0
}