{
  "results": [
    {
      "gender": "male",
      "name": {
        "title": "Mr",
        "first": "Marco",
        "last": "Martinez"
      },
      "location": {
        "street": {
          "number": 7894,
          "name": "Calle de Tetuán"
        },
        "city": "Lugo",
        "state": "Región de Murcia",
        "country": "Spain",
        "postcode": 90595,
        "coordinates": {
          "latitude": "-22.4911",
          "longitude": "-100.7506"
        },
        "timezone": {
          "offset": "-11:00",
          "description": "Midway Island, Samoa"
        }
      },
      "email": "marco.martinez@example.com",
      "login": {
        "uuid": "b80ca7fe-9d91-4448-b99c-e64b9ca1516c",
        "username": "organicrabbit919",
        "password": "marjorie",
        "salt": "JZKhptGU",
        "md5": "ca56239bc01328fe03ef282680da2969",
        "sha1": "f9ba7106ef9d85b1d2c7adbe8d971c5672fa2a5b",
        "sha256": "a503414b650265987b844a9793f2d7e2bd1959fd87465cbfc6ca94de8990833b"
      },
      "dob": {
        "date": "1968-04-04T16:51:15.367Z",
        "age": 51
      },
      "registered": {
        "date": "2007-07-29T12:06:16.352Z",
        "age": 12
      },
      "phone": "957-613-047",
      "cell": "672-913-079",
      "id": {
        "name": "DNI",
        "value": "67958001-I"
      },
      "picture": {
        "large": "https://randomuser.me/api/portraits/men/73.jpg",
        "medium": "https://randomuser.me/api/portraits/med/men/73.jpg",
        "thumbnail": "https://randomuser.me/api/portraits/thumb/men/73.jpg"
      },
      "nat": "ES"
    },
    {
      "gender": "male",
      "name": {
        "title": "Monsieur",
        "first": "Jason",
        "last": "Leroy"
      },
      "location": {
        "street": {
          "number": 582,
          "name": "Avenue Vauban"
        },
        "city": "Sempach",
        "state": "St. Gallen",
        "country": "Switzerland",
        "postcode": 7665,
        "coordinates": {
          "latitude": "47.3174",
          "longitude": "-104.7322"
        },
        "timezone": {
          "offset": "+10:00",
          "description": "Eastern Australia, Guam, Vladivostok"
        }
      },
      "email": "jason.leroy@example.com",
      "login": {
        "uuid": "e151ceab-f9c0-4025-b379-f02cb31c40c7",
        "username": "brownmeercat169",
        "password": "barney",
        "salt": "eVrdVCow",
        "md5": "62fb2cffe1a4f67099d644d5f0c9b866",
        "sha1": "a0cdf76a784e8bcfe753e24b2836176f0cbaca14",
        "sha256": "120ce0692a09d7dad1bddb0e175af6c79e65020933f429e91f5861dd18f933e9"
      },
      "dob": {
        "date": "1982-07-26T20:58:14.556Z",
        "age": 37
      },
      "registered": {
        "date": "2017-07-04T18:03:29.943Z",
        "age": 2
      },
      "phone": "076 611 65 31",
      "cell": "077 221 86 84",
      "id": {
        "name": "AVS",
        "value": "756.6302.4303.40"
      },
      "picture": {
        "large": "https://randomuser.me/api/portraits/men/22.jpg",
        "medium": "https://randomuser.me/api/portraits/med/men/22.jpg",
        "thumbnail": "https://randomuser.me/api/portraits/thumb/men/22.jpg"
      },
      "nat": "CH"
    },
    {
      "gender": "male",
      "name": {
        "title": "Mr",
        "first": "Joey",
        "last": "Gray"
      },
      "location": {
        "street": {
          "number": 1034,
          "name": "The Drive"
        },
        "city": "Skerries",
        "state": "Sligo",
        "country": "Ireland",
        "postcode": 16088,
        "coordinates": {
          "latitude": "-49.2894",
          "longitude": "-48.8000"
        },
        "timezone": {
          "offset": "+11:00",
          "description": "Magadan, Solomon Islands, New Caledonia"
        }
      },
      "email": "joey.gray@example.com",
      "login": {
        "uuid": "1391bd3b-5a11-4995-9934-1dae7a504750",
        "username": "lazybird767",
        "password": "22222222",
        "salt": "AMAaLARA",
        "md5": "fa23e30ae63a943a01d005a163ec8404",
        "sha1": "11d6c7027c4e6844b1b64e598acf2b340caad992",
        "sha256": "317ae280db94a6eee4901b652c68d7b2a9839c6613ba65255b7dd6df0919c851"
      },
      "dob": {
        "date": "1951-09-20T13:28:33.722Z",
        "age": 68
      },
      "registered": {
        "date": "2010-06-18T10:44:35.661Z",
        "age": 9
      },
      "phone": "011-793-5831",
      "cell": "081-658-3900",
      "id": {
        "name": "PPS",
        "value": "9540352T"
      },
      "picture": {
        "large": "https://randomuser.me/api/portraits/men/74.jpg",
        "medium": "https://randomuser.me/api/portraits/med/men/74.jpg",
        "thumbnail": "https://randomuser.me/api/portraits/thumb/men/74.jpg"
      },
      "nat": "IE"
    },
    {
      "gender": "female",
      "name": {
        "title": "Ms",
        "first": "Minttu",
        "last": "Pulli"
      },
      "location": {
        "street": {
          "number": 213,
          "name": "Myllypuronkatu"
        },
        "city": "Jakobstad",
        "state": "Central Finland",
        "country": "Finland",
        "postcode": 21727,
        "coordinates": {
          "latitude": "-21.7170",
          "longitude": "-26.1257"
        },
        "timezone": {
          "offset": "+3:00",
          "description": "Baghdad, Riyadh, Moscow, St. Petersburg"
        }
      },
      "email": "minttu.pulli@example.com",
      "login": {
        "uuid": "09185f1e-dc16-4960-96b6-071b27b0ce58",
        "username": "greengorilla828",
        "password": "massimo",
        "salt": "IlM2TeXj",
        "md5": "8092c9a20d2daf1285af50dd2f31f02c",
        "sha1": "297c2a41527a97f643f48c580be51f6880e8c79e",
        "sha256": "7da72246cebefa93c8fb049eb4da757f7516e1ca97660c282ef1041b04398a79"
      },
      "dob": {
        "date": "1979-04-04T00:02:41.173Z",
        "age": 40
      },
      "registered": {
        "date": "2014-04-20T23:01:25.661Z",
        "age": 5
      },
      "phone": "03-964-597",
      "cell": "046-012-50-76",
      "id": {
        "name": "HETU",
        "value": "NaNNA958undefined"
      },
      "picture": {
        "large": "https://randomuser.me/api/portraits/women/39.jpg",
        "medium": "https://randomuser.me/api/portraits/med/women/39.jpg",
        "thumbnail": "https://randomuser.me/api/portraits/thumb/women/39.jpg"
      },
      "nat": "FI"
    },
    {
      "gender": "female",
      "name": {
        "title": "Miss",
        "first": "Songül",
        "last": "Bohm"
      },
      "location": {
        "street": {
          "number": 5428,
          "name": "Meisenweg"
        },
        "city": "Langenzenn",
        "state": "Bremen",
        "country": "Germany",
        "postcode": 71137,
        "coordinates": {
          "latitude": "66.6649",
          "longitude": "-61.6055"
        },
        "timezone": {
          "offset": "+5:00",
          "description": "Ekaterinburg, Islamabad, Karachi, Tashkent"
        }
      },
      "email": "songul.bohm@example.com",
      "login": {
        "uuid": "2a8d6f10-f861-4583-b8ab-e80620292adb",
        "username": "beautifulostrich272",
        "password": "mustard",
        "salt": "memnfM4A",
        "md5": "bc41b7320e047000d0459ad204fb1c9a",
        "sha1": "f31004ed20d08d37ea82f52d39200e48ae222d2b",
        "sha256": "4565035f222561339ca0b051627af8a6e4f8ae9ae6bdedcca7a7db6a28741382"
      },
      "dob": {
        "date": "1988-04-23T01:47:33.425Z",
        "age": 31
      },
      "registered": {
        "date": "2015-07-06T07:46:23.831Z",
        "age": 4
      },
      "phone": "0354-1729529",
      "cell": "0177-8168910",
      "id": {
        "name": "",
        "value": null
      },
      "picture": {
        "large": "https://randomuser.me/api/portraits/women/50.jpg",
        "medium": "https://randomuser.me/api/portraits/med/women/50.jpg",
        "thumbnail": "https://randomuser.me/api/portraits/thumb/women/50.jpg"
      },
      "nat": "DE"
    },
    {
      "gender": "female",
      "name": {
        "title": "Miss",
        "first": "Soline",
        "last": "Berger"
      },
      "location": {
        "street": {
          "number": 8883,
          "name": "Avenue de la République"
        },
        "city": "Le Mans",
        "state": "Loir-et-Cher",
        "country": "France",
        "postcode": 39499,
        "coordinates": {
          "latitude": "-75.7757",
          "longitude": "106.5585"
        },
        "timezone": {
          "offset": "-1:00",
          "description": "Azores, Cape Verde Islands"
        }
      },
      "email": "soline.berger@example.com",
      "login": {
        "uuid": "2966cab6-3fa7-48eb-a023-80baf8f4fe14",
        "username": "ticklishpeacock138",
        "password": "sporting",
        "salt": "0jNV5uay",
        "md5": "00b8ee63b9db1bd5f8f1b2ff2d2c17b4",
        "sha1": "9b2b355d4a3191e2177ea2dbe56415c399e410b2",
        "sha256": "ca1d62a7bd58dc57b775632dd17c2d62333e6db62ea18dd385e7883b5c76a3f0"
      },
      "dob": {
        "date": "1969-04-02T11:55:28.156Z",
        "age": 50
      },
      "registered": {
        "date": "2002-07-15T01:33:43.942Z",
        "age": 17
      },
      "phone": "01-85-73-02-25",
      "cell": "06-46-52-77-32",
      "id": {
        "name": "INSEE",
        "value": "2NNaN49055496 42"
      },
      "picture": {
        "large": "https://randomuser.me/api/portraits/women/14.jpg",
        "medium": "https://randomuser.me/api/portraits/med/women/14.jpg",
        "thumbnail": "https://randomuser.me/api/portraits/thumb/women/14.jpg"
      },
      "nat": "FR"
    },
    {
      "gender": "male",
      "name": {
        "title": "Mr",
        "first": "میلاد",
        "last": "علیزاده"
      },
      "location": {
        "street": {
          "number": 3849,
          "name": "برادران سلیمانی"
        },
        "city": "اهواز",
        "state": "مازندران",
        "country": "Iran",
        "postcode": 36988,
        "coordinates": {
          "latitude": "30.4855",
          "longitude": "15.4122"
        },
        "timezone": {
          "offset": "+11:00",
          "description": "Magadan, Solomon Islands, New Caledonia"
        }
      },
      "email": "myld.aalyzdh@example.com",
      "login": {
        "uuid": "a74a3133-19e6-4a1b-bcc8-5972b4e83ecd",
        "username": "blueswan404",
        "password": "lkjhgfds",
        "salt": "XfdAq3ee",
        "md5": "968ceb51d9fd166183452f9785740b3b",
        "sha1": "3fe8f8e55447d66c5bf4644e5889b1cd6b19eda4",
        "sha256": "53153ceb766507c35b2fb8bdcbc8bfb03c50ec54bd92fe7598d053d54fcf239b"
      },
      "dob": {
        "date": "1993-08-23T20:05:16.592Z",
        "age": 26
      },
      "registered": {
        "date": "2013-08-12T14:01:42.295Z",
        "age": 6
      },
      "phone": "061-28841730",
      "cell": "0903-157-5474",
      "id": {
        "name": "",
        "value": null
      },
      "picture": {
        "large": "https://randomuser.me/api/portraits/men/93.jpg",
        "medium": "https://randomuser.me/api/portraits/med/men/93.jpg",
        "thumbnail": "https://randomuser.me/api/portraits/thumb/men/93.jpg"
      },
      "nat": "IR"
    },
    {
      "gender": "male",
      "name": {
        "title": "Mr",
        "first": "Joshua",
        "last": "Moore"
      },
      "location": {
        "street": {
          "number": 7664,
          "name": "Taupo Quay"
        },
        "city": "New Plymouth",
        "state": "West Coast",
        "country": "New Zealand",
        "postcode": 33060,
        "coordinates": {
          "latitude": "-54.1660",
          "longitude": "48.2069"
        },
        "timezone": {
          "offset": "+4:30",
          "description": "Kabul"
        }
      },
      "email": "joshua.moore@example.com",
      "login": {
        "uuid": "ef317fe0-16e0-4685-b2ac-e506ddc07022",
        "username": "lazytiger431",
        "password": "babydoll",
        "salt": "8Sea23EL",
        "md5": "73894e18bb2d5a1ad04c40218ffde2b7",
        "sha1": "79ffe65d7603ad142010be91d8519e189a4423d7",
        "sha256": "d23ebd03c0f8ae08be892b94c536342746fe692388f840484c6f97d6560c5fbc"
      },
      "dob": {
        "date": "1969-04-01T22:01:30.114Z",
        "age": 50
      },
      "registered": {
        "date": "2018-10-01T01:18:09.594Z",
        "age": 1
      },
      "phone": "(781)-438-1391",
      "cell": "(142)-710-5542",
      "id": {
        "name": "",
        "value": null
      },
      "picture": {
        "large": "https://randomuser.me/api/portraits/men/10.jpg",
        "medium": "https://randomuser.me/api/portraits/med/men/10.jpg",
        "thumbnail": "https://randomuser.me/api/portraits/thumb/men/10.jpg"
      },
      "nat": "NZ"
    },
    {
      "gender": "female",
      "name": {
        "title": "Miss",
        "first": "Montserrat",
        "last": "Mora"
      },
      "location": {
        "street": {
          "number": 3980,
          "name": "Calle de Alcalá"
        },
        "city": "Pozuelo de Alarcón",
        "state": "Castilla la Mancha",
        "country": "Spain",
        "postcode": 93199,
        "coordinates": {
          "latitude": "71.2417",
          "longitude": "20.4536"
        },
        "timezone": {
          "offset": "+6:00",
          "description": "Almaty, Dhaka, Colombo"
        }
      },
      "email": "montserrat.mora@example.com",
      "login": {
        "uuid": "b5034869-94cb-4547-b089-6fa65a3e7f62",
        "username": "bigkoala869",
        "password": "atlas",
        "salt": "3Pu997K3",
        "md5": "8e2339f24a337133ab32e59f18b34655",
        "sha1": "6f09e975df7070e705ceb09c3ee8c3b29f44d790",
        "sha256": "2f30048e97204182ce2ea40a0a3f4cffb6797c03855c1fc44e710ecb88d589ee"
      },
      "dob": {
        "date": "1967-02-16T04:02:46.038Z",
        "age": 52
      },
      "registered": {
        "date": "2011-02-18T03:13:05.290Z",
        "age": 8
      },
      "phone": "901-259-007",
      "cell": "655-253-602",
      "id": {
        "name": "DNI",
        "value": "60281219-B"
      },
      "picture": {
        "large": "https://randomuser.me/api/portraits/women/5.jpg",
        "medium": "https://randomuser.me/api/portraits/med/women/5.jpg",
        "thumbnail": "https://randomuser.me/api/portraits/thumb/women/5.jpg"
      },
      "nat": "ES"
    },
    {
      "gender": "male",
      "name": {
        "title": "Mr",
        "first": "Allen",
        "last": "Cunningham"
      },
      "location": {
        "street": {
          "number": 8151,
          "name": "Church Street"
        },
        "city": "Cobh",
        "state": "Donegal",
        "country": "Ireland",
        "postcode": 79097,
        "coordinates": {
          "latitude": "-62.7302",
          "longitude": "40.7142"
        },
        "timezone": {
          "offset": "-2:00",
          "description": "Mid-Atlantic"
        }
      },
      "email": "allen.cunningham@example.com",
      "login": {
        "uuid": "4c1064e1-182d-45ea-a934-dd73c400529c",
        "username": "crazymouse521",
        "password": "sunflowe",
        "salt": "vwctaqZM",
        "md5": "9ad288dc0e228221224e5e3feaee4d7f",
        "sha1": "44045679cbf5b3af83deda44eeb8aa517e5d15ed",
        "sha256": "5fe111f9dc65ab0633ff2bc8c624be1c82f88f16f42b4a9d1168535730759b34"
      },
      "dob": {
        "date": "1979-06-04T01:14:35.005Z",
        "age": 40
      },
      "registered": {
        "date": "2007-09-02T11:09:57.619Z",
        "age": 12
      },
      "phone": "041-998-2182",
      "cell": "081-785-1737",
      "id": {
        "name": "PPS",
        "value": "2532046T"
      },
      "picture": {
        "large": "https://randomuser.me/api/portraits/men/17.jpg",
        "medium": "https://randomuser.me/api/portraits/med/men/17.jpg",
        "thumbnail": "https://randomuser.me/api/portraits/thumb/men/17.jpg"
      },
      "nat": "IE"
    }
  ],
  "info": {
    "seed": "592006e34fb16655",
    "results": 10,
    "page": 1,
    "version": "1.3"
  }
}