{
  "flag": true,
  "desc": "SUCCESS",
  "data": {
    "pageNum": 1,
    "pageSize": 10,
    "size": 4,
    "startRow": 1,
    "endRow": 4,
    "total": 4,
    "pages": 1,
    "list": [
      {
        "id": 24,
        "userName": "张三",
        "password": "123456",
        "showTime": "2019-04-08 21:03:22"
      },
      {
        "id": 23,
        "userName": "李四",
        "password": "654321",
        "showTime": "2019-04-03 14:34:12"
      },
      {
        "id": 21,
        "userName": "sy",
        "password": "qazwsx",
        "showTime": "2019-04-03 11:38:53"
      },
      {
        "id": 16,
        "userName": "><script>alert('abc')</script><",
        "password": "qwertyuiop",
        "showTime": "2019-03-27 20:09:12"
      }
    ]
  }
}